horizon,ic
1,0.007858921141497284
5,0.012950560041446254
21,0.0167071183414206
63,0.020507206033178474
