model,roc_auc,brier_score,oos_accuracy,ic,icir
xgboost,0.9418753907959714,0.02617763290181756,0.963809480654173,0.0167071183414206,0.17383118476357734
